Latitude,Longitude,name,desc,color
36.171915,-115.139974,"Las Vegas, Nevada, USA",-,
32.715695,-117.161719,"San Diego, California, USA",-,
39.90601,116.387909,"Beijing, China",-,
48.85693,2.3412,"Paris, France",-,
37.338475,-121.885794,"San Jose, California, USA",-,
37.777125,-122.419644,"San Francisco, California, USA",-,
1.29378,103.853256,Singapore,-,
41.385589,2.168745,"Barcelona, Spain",-,
38.89037,-77.031959,"Washington, D.C., USA",-,
48.202548,16.368805,"Vienna, Austria",-,
22.3581,114.138443,"Hong Kong, China",-,
35.670479,139.740921,"Tokyo, Japan",-,
41.88415,-87.632409,"Chicago, Illinois, USA",-,
47.60356,-122.329439,"Seattle, Washington, USA",-,
52.373119,4.89319,"Amsterdam, The Netherlands",-,
49.26044,-123.114034,"Vancouver, British Columbia, Canada",-,
52.516074,13.376987,"Berlin, Germany",-,
37.557121,126.977379,"Seoul, Korea",-,
28.538235,-81.377389,"Orlando, Florida, USA",-,
51.506325,-0.127144,"London, UK",-,
42.358635,-71.056699,"Boston, Massachusetts, USA",-,
41.90311,12.49576,"Rome, Italy",-,
33.748315,-84.391109,"Atlanta, Georgia, USA",-,
45.511795,-122.675629,"Portland, Oregon, USA",-,
38.725735,-9.15021,"Lisbon, Portugal",-,
43.60574,1.44869,"Toulouse, France",-,
50.079083,14.43323,"Prague, Czech Republic",-,
47.506225,19.06482,"Budapest, Hungary",-,
31.247709,121.472618,"Shanghai, China",-,
42.36679,-71.106019,"Cambridge, Massachusetts, USA",-,
40.71455,-74.007124,"New York, New York, USA",-,
40.438335,-79.997459,"Pittsburgh, Pennsylvania, USA",-,
37.97615,23.736415,"Athens, Greece",-,
-33.869629,151.206955,"Sydney, Australia",-,
29.95369,-90.077714,"New Orleans, Louisiana, USA",-,
47.37706,8.53955,"Zurich, Switzerland",-,
43.70996,10.39946,"Pisa, Italy",-,
30.267605,-97.742984,"Austin, Texas, USA",-,
43.64856,-79.385324,"Toronto, Canada",-,
-37.817532,144.967148,"Melbourne, Australia",-,
40.4203,-3.705774,"Madrid, Spain",-,
34.419255,-119.698869,"Santa Barbara, California, USA",-,
36.597591,-121.896772,"Monterey, California, USA",-,
25.080441,121.564194,"Taipei, Taiwan",-,
45.512293,-73.554407,"Montreal, Canada",-,
35.098129,135.718933,"Kyoto, Japan",-,
45.194005,5.732015,"Grenoble, France",-,
43.64856,-79.385324,"Toronto, Ontario, Canada",-,
33.377235,126.555984,"Jeju Island, Korea",-,
21.30477,-157.857614,"Honolulu, Hawaii, USA",-,
12.97092,77.60482,"Bangalore, India",-,
39.95227,-75.162369,"Philadelphia, Pennsylvania, USA",-,
48.136415,11.577531,"Munich, Germany",-,
55.67631,12.569355,"Copenhagen, Denmark",-,
34.05349,-118.245319,"Los Angeles, California, USA",-,
41.14945,-8.610314,"Porto, Portugal",-,
55.954155,-3.202774,"Edinburgh, UK",-,
39.468791,-0.376913,"Valencia, Spain",-,
45.438254,12.318495,"Venice, Italy",-,
51.3452,12.38594,"Leipzig, Germany",-,
39.290555,-76.609604,"Baltimore, Maryland, USA",-,
49.01076,8.408695,"Karlsruhe, Germany",-,
53.34807,-6.248274,"Dublin, Ireland",-,
38.804565,-77.043079,"Alexandria, Virginia, USA",-,
49.528481,6.89268,"Dagstuhl Castle, Germany",-,
37.869885,-122.270539,"Berkeley, California, USA",-,
37.43137,-122.168924,"Stanford, California, USA",-,
46.519595,6.632335,"Lausanne, Switzerland",-,
-27.46888,153.022827,"Brisbane, Australia",-,
59.33228,18.06284,"Stockholm, Sweden",-,
41.29254,12.573465,Italy,-,
52.20987,0.111565,"Cambridge, UK",-,
36.171915,-115.139974,"Las Vegas Nevada, USA",-,
41.040855,28.986183,"Istanbul, Turkey",-,
47.267997,11.391304,"Innsbruck, Austria",-,
31.6449,104.414009,"Xi an, China",-,
45.512293,-73.554407,"Montreal, Quebec, Canada",-,
52.088928,5.1154,"Utrecht, The Netherlands",-,
45.759399,4.82897,"Lyon, France",-,
48.30425,14.288155,"Linz, Austria",-,
51.434471,5.4841,"Eindhoven, The Netherlands",-,
32.778155,-96.795404,"Dallas, Texas, USA",-,
59.93314,30.306115,"St. Petersburg, Russia",-,
43.701539,7.278244,"Nice, France",-,
33.61655,-117.930371,"Newport Beach, California, USA",-,
51.164175,10.454145,Germany,-,
55.954155,-3.202774,"Edinburgh, Scotland, UK",-,
50.848385,4.349685,"Brussels, Belgium",-,
-36.884109,174.77042,"Auckland, New Zealand",-,
46.070001,11.118865,"Trento, Italy",-,
44.979035,-93.264929,"Minneapolis, Minnesota, USA",-,
50.879385,4.70367,"Leuven, Belgium",-,
60.17116,24.93258,"Helsinki, Finland",-,
46.211401,2.20936,France,-,
51.053645,13.740815,"Dresden, Germany",-,
49.872695,8.65016,"Darmstadt, Germany",-,
51.175176,-115.572571,"Banff, Alberta, Canada",-,
52.23537,21.009485,"Warsaw, Poland",-,
63.431005,10.39208,"Trondheim, Norway",-,
34.777161,32.434078,"Paphos, Cyprus",-,
45.512293,-73.554407,"Montréal, Québec, Canada",-,
45.468945,9.18103,"Milan, Italy",-,
43.610855,3.87609,"Montpellier, France",-,
49.442075,7.760425,"Kaiserslautern, Germany",-,
49.231495,6.998338,"Saarbrücken, Germany",-,
45.4215,-75.691894,"Ottawa, Canada",-,
35.33876,25.144541,"Heraklion, Crete, Greece",-,
53.553345,9.992455,"Hamburg, Germany",-,
46.208358,6.142701,"Geneva, Switzerland",-,
39.74001,-104.992259,"Denver, Colorado, USA",-,
44.50483,11.345169,"Bologna, Italy",-,
56.153005,10.204525,"Aarhus, Denmark",-,
-22.976734,-43.195084,"Rio de Janeiro, Brazil",-,
17.4376,78.4706,"Hyderabad, India",-,
59.85845,17.64405,"Uppsala, Sweden",-,
40.759505,-111.888229,"Salt Lake City, Utah, USA",-,
59.91228,10.74998,"Oslo, Norway",-,
52.011501,4.35869,"Delft, The Netherlands",-,
50.7323,7.101695,"Bonn, Germany",-,
30.572399,114.279121,"Wuhan, China",-,
32.221553,-110.969754,"Tucson, Arizona, USA",-,
51.756205,-1.259489,"Oxford, UK",-,
43.78237,11.254995,"Florence, Italy",-,
49.19729,16.603615,"Brno, Czech Republic",-,
45.069512,7.705403,"Torino, Italy",-,
41.823875,-71.411994,"Providence, Rhode Island, USA",-,
33.44826,-112.075774,"Phoenix, Arizona, USA",-,
39.57148,2.64694,"Palma de Mallorca, Spain",-,
48.68955,6.183375,"Nancy, France",-,
21.095631,-86.767593,"Cancun, Mexico",-,
44.149285,12.133515,"Bertinoro, Italy",-,
51.175176,-115.572571,"Banff, Canada",-,
38.89051,-77.086294,"Arlington, Virginia, USA",-,
50.778138,6.088498,"Aachen, Germany",-,
29.42449,-98.494624,"San Antonio, Texas, USA",-,
53.479605,-2.248818,"Manchester, UK",-,
32.646881,-16.908911,"Funchal, Madeira, Portugal",-,
13.75333,100.504822,"Bangkok, Thailand",-,
53.953339,-1.083427,"York, UK",-,
59.436475,24.7526,"Tallinn, Estonia",-,
38.62774,-90.199514,"St. Louis, Missouri, USA",-,
38.509651,-122.354084,"Napa Valley, California, USA",-,
22.52667,88.34616,"Kolkata, India",-,
38.841574,-77.308132,"Fairfax, Virginia, USA",-,
50.977685,11.023075,"Erfurt, Germany",-,
33.83276,-117.915719,"Anaheim, California, USA",-,
-34.926102,138.599884,"Adelaide, Australia",-,
40.349855,-74.659119,"Princeton, New Jersey, USA",-,
24.7338,81.33463,"New Delhi, India",-,
36.167783,-86.778365,"Nashville, Tennessee, USA",-,
55.75695,37.614975,"Moscow, Russia",-,
25.728985,-80.237419,"Miami, Florida, USA",-,
49.41349,8.70819,"Heidelberg, Germany",-,
30.252501,120.165024,"Hangzhou, China",-,
32.81171,34.998711,"Haifa, Israel",-,
47.99854,7.849655,"Freiburg, Germany",-,
35.452702,139.595123,"Yokohama, Japan",-,
49.26044,-123.114034,"Vancouver, Canada",-,
40.556671,-111.829163,"Snowbird, Utah, USA",-,
37.44466,-122.160794,"Palo Alto, California, USA",-,
45.4215,-75.691894,"Ottawa, Ontario, Canada",-,
44.410339,8.9389,"Genova, Italy",-,
45.810679,9.087135,"Como, Italy",-,
51.10805,17.026703,"Wroclaw, Poland",-,
60.452805,22.251551,"Turku, Finland",-,
3.104665,101.69117,"Kuala Lumpur, Malaysia",-,
-31.934566,136.099915,Australia,-,
45.069512,7.705403,"Turin, Italy",-,
36.092041,140.084564,"Tsukuba, Japan",-,
40.63955,22.937075,"Thessaloniki, Greece",-,
52.409005,16.938205,"Poznan, Poland",-,
51.718145,8.75204,"Paderborn, Germany",-,
52.660975,-8.632609,"Limerick, Ireland",-,
46.62056,14.31069,"Klagenfurt, Austria",-,
39.76691,-86.149964,"Indianapolis, Indiana, USA",-,
23.107389,113.267616,"Guangzhou, China",-,
47.068565,15.44318,"Graz, Austria",-,
51.516615,7.458295,"Dortmund, Germany",-,
40.210812,-8.416345,"Coimbra, Portugal",-,
53.075166,8.804667,"Bremen, Germany",-,
41.551625,-8.429134,"Braga, Portugal",-,
38.98637,-77.096919,"Bethesda, Maryland, USA",-,
60.390705,5.33275,"Bergen, Norway",-,
55.00839,-5.822485,UK,-,
27.94653,-82.459269,"Tampa, Florida, USA",-,
-33.437269,-70.650564,"Santiago, Chile",-,
37.749485,26.97416,"Samos, Greece",-,
52.399355,13.047931,"Potsdam, Germany",-,
40.839941,14.251762,"Naples, Italy",-,
40.742815,13.943025,"Ischia, Italy",-,
29.76045,-95.369784,"Houston, Texas, USA",-,
55.857809,-4.242511,"Glasgow, UK",-,
39.96196,-83.002984,"Columbus, Ohio, USA",-,
13.06397,80.24311,"Chennai, India",-,
35.170429,128.999481,"Busan, Korea",-,
51.208483,3.224519,"Bruges, Belgium",-,
44.836635,-0.581039,"Bordeaux, France",-,
38.314362,140.758194,"Sendai, Japan",-,
35.691543,-105.937406,"Santa Fe, New Mexico, USA",-,
47.800673,13.043377,"Salzburg, Austria",-,
39.527395,-119.813414,"Reno, Nevada, USA",-,
34.677471,135.503235,"Osaka, Japan",-,
34.657829,135.892136,"Nara, Japan",-,
47.218115,-1.553059,"Nantes, France",-,
36.71832,-4.420159,"Malaga, Spain",-,
33.568699,130.346359,"Fukuoka, Japan",-,
52.223572,6.89537,"Enschede, The Netherlands",-,
39.618469,19.907431,"Corfu, Greece",-,
38.980725,-76.937269,"College Park, Maryland, USA",-,
48.428315,-123.364514,"Victoria, British Columbia, Canada",-,
45.75343,21.223305,"Timisoara, Romania",-,
43.60388,7.06237,"Sophia Antipolis, France",-,
33.494,-111.920694,"Scottsdale, Arizona, USA",-,
26.4578,-82.097862,"Sanibel Island, Florida, USA",-,
35.78551,-78.642669,"Raleigh, North Carolina, USA",-,
-31.95302,115.857239,"Perth, Australia",-,
48.573177,13.458095,"Passau, Germany",-,
19.4319,-99.132851,"Mexico City, Mexico",-,
43.293705,5.372475,"Marseille, France",-,
36.406952,10.61887,"Hammamet, Tunisia",-,
39.000267,-76.878927,"Greenbelt, Maryland, USA",-,
38.703499,-9.39741,"Estoril, Portugal",-,
-35.306541,149.126556,"Canberra, Australia",-,
40.01574,-105.279239,"Boulder, Colorado, USA",-,
43.26865,-2.946119,"Bilbao, Spain",-,
48.520369,9.04911,"Tübingen, Germany",-,
61.497815,23.762265,"Tampere, Finland",-,
46.25428,20.14841,"Szeged, Hungary",-,
48.767675,9.171925,"Stuttgart, Germany",-,
40.964225,-5.663849,"Salamanca, Spain",-,
48.650495,-2.023279,"Saint-Malo, France",-,
38.24425,21.73256,"Patras, Greece",-,
37.805065,-122.273024,"Oakland, California, USA",-,
45.468945,9.18103,"Milano, Italy",-,
58.41109,15.62565,"Linköping, Sweden",-,
28.130225,-15.439709,"Las Palmas de Gran Canaria, Spain",-,
47.663855,9.17758,"Konstanz, Germany",-,
22.283319,114.158722,Hong Kong,-,
21.03195,105.819908,"Hanoi, Vietnam",-,
41.859749,140.939957,"Hakodate, Japan",-,
60.20678,24.65578,"Espoo, Finland",-,
42.642756,18.110658,"Dubrovnik, Croatia",-,
30.08374,31.25536,"Cairo, Egypt",-,
51.222085,4.39771,"Antwerp, Belgium",-,
52.152355,5.29297,The Netherlands,-,
38.522925,-8.887934,"Setúbal, Portugal",-,
32.08078,-81.090719,"Savannah, Georgia, USA",-,
37.355509,-121.954262,"Santa Clara, California, USA",-,
56.946,24.114905,"Riga, Latvia",-,
48.10752,-1.684477,"Rennes, France",-,
49.01492,12.10173,"Regensburg, Germany",-,
38.121315,13.358455,"Palermo, Italy",-,
32.0485,118.778969,"Nanjing, China",-,
45.512293,-73.554407,"Montréal, Canada",-,
25.793095,-80.134904,"Miami Beach, Florida, USA",-,
33.766725,-118.192399,"Long Beach, California, USA",-,
42.986895,-81.246214,"London, Ontario, Canada",-,
38.725735,-9.15021,"Lisboa, Portugal",-,
50.637185,3.06281,"Lille, France",-,
50.06006,19.9326,"Krakow, Poland",-,
34.757332,135.106766,"Kobe, Japan",-,
42.440495,-76.495454,"Ithaca, New York, USA",-,
33.686887,-117.825348,"Irvine, California, USA",-,
25.2791,110.276299,"Guilin, China",-,
37.170398,-3.605426,"Granada, Spain",-,
-27.995396,153.411652,"Gold Coast, Australia",-,
53.54622,-113.490374,"Edmonton, Alberta, Canada",-,
29.544001,106.522621,"Chongqing, China",-,
32.78115,-79.931604,"Charleston, South Carolina, USA",-,
42.281875,-83.748479,"Ann Arbor, Michigan, USA",-,
38.344085,-0.480474,"Alicante, Spain",-,
57.049355,9.91629,"Aalborg, Denmark",-,
47.37706,8.53955,"Zürich, Switzerland",-,
37.094528,-8.12695,"Vilamoura, Algarve, Portugal",-,
45.438113,10.991505,"Verona, Italy",-,
43.208415,27.9131,"Varna, Bulgaria",-,
43.32544,11.330766,"Siena, Italy",-,
53.38311,-1.464544,"Sheffield, UK",-,
18.46617,-66.106654,"San Juan, Puerto Rico",-,
64.147415,-21.933989,"Reykjavik, Iceland",-,
34.147235,-118.144264,"Pasadena, California, USA",-,
43.10663,-79.064239,"Niagara Falls, Canada",-,
40.49477,-74.443809,"New Brunswick, New Jersey, USA",-,
53.409773,-2.978481,"Liverpool, UK",-,
44.231535,-76.479334,"Kingston, Ontario, Canada",-,
51.055633,3.728569,"Ghent, Belgium",-,
44.410339,8.9389,"Genoa, Italy",-,
54.352771,18.650066,"Gdansk, Poland",-,
39.139866,-77.193829,"Gaithersburg, Maryland, USA",-,
-45.874501,170.503851,"Dunedin, New Zealand",-,
30.67,104.071022,"Chengdu, China",-,
35.2225,-80.837539,"Charlotte, North Carolina, USA",-,
-33.919104,18.42197,"Cape Town, South Africa",-,
50.828481,-0.134429,"Brighton, UK",-,
43.463394,-80.520758,"Waterloo, Ontario, Canada",-,
48.397143,9.987871,"Ulm, Germany",-,
24.161329,120.641487,"Taichung, Taiwan",-,
31.3092,120.613121,"Suzhou, China",-,
35.712709,-6.916455,Spain,-,
40.62586,14.37606,"Sorrento, Italy",-,
41.23424,1.80545,"Sitges, Spain",-,
18.52671,73.8616,"Pune, India",-,
36.091091,-18.727655,Portugal,-,
45.409285,11.872849,"Padova, Italy",-,
55.038865,82.91108,"Novosibirsk, Russia",-,
37.389475,-122.081694,"Mountain View, California, USA",-,
45.512293,-73.554407,"Montréal, Quebec, Canada",-,
53.866275,10.68088,"Lübeck, Germany",-,
49.609531,6.12997,Luxemburg,-,
25.051001,102.702011,"Kunming, China",-,
50.06006,19.9326,"Kraków, Poland",-,
22.672569,120.293228,"Kaohsiung, Taiwan",-,
34.479988,132.437363,"Hiroshima, Japan",-,
-27.995396,153.411652,"Gold Coast, Queensland, Australia",-,
51.451805,7.010625,"Essen, Germany",-,
54.777533,-1.574608,"Durham, UK",-,
35.248835,24.913155,"Crete, Greece",-,
51.89834,-8.472774,"Cork, Ireland",-,
39.106614,-84.504552,"Cincinnati, Ohio, USA",-,
34.668,104.165657,China,-,
51.45373,-2.591564,"Bristol, UK",-,
52.478595,-1.908604,"Birmingham, UK",-,
33.958132,-83.373255,"Athens, Georgia, USA",-,
35.08418,-106.648639,"Albuquerque, New Mexico, USA",-,
41.65173,-0.881319,"Zaragoza, Spain",-,
49.295245,19.953145,"Zakopane, Poland",-,
41.03354,-73.764154,"White Plains, New York, USA",-,
38.89037,-77.031959,"Washington DC, USA",-,
38.003351,-79.458504,"Virginia, USA",-,
41.11693,1.254105,"Tarragona, Spain",-,
37.854115,15.292332,"Taormina, Italy",-,
48.650495,-2.023279,"St. Malo, France",-,
37.395321,-122.052628,"Silicon Valley, California, USA",-,
37.387697,-6.001813,"Seville, Spain",-,
37.658041,26.522024,"Samos Island, Greece",-,
48.650495,-2.023279,"Saint Malo, France",-,
55.640465,12.090923,"Roskilde, Denmark",-,
19.051025,-98.175099,"Puebla, Mexico",-,
43.659145,-70.256654,"Portland, Maine, USA",-,
65.0103,25.473505,"Oulu, Finland",-,
38.298855,-122.285194,"Napa, California, USA",-,
33.985215,-118.452109,"Marina del Rey, California, USA",-,
46.55858,15.65105,"Maribor, Slovenia",-,
43.07295,-89.386694,"Madison, Wisconsin, USA",-,
22.16625,113.559807,"Macau, China",-,
52.154572,4.49463,"Leiden, The Netherlands",-,
47.909465,10.57422,"Kloster Irsee, Germany",-,
55.857809,-4.242511,"Glasgow, Scotland, UK",-,
38.94381,121.576523,"Dalian, China",-,
50.941655,6.955055,"Cologne, Germany",-,
51.718549,-1.953541,"Cirencester, UK",-,
28.252035,113.067757,"Changsha, China",-,
51.48125,-3.180734,"Cardiff, UK",-,
43.553255,7.01325,"Cannes, France",-,
52.20987,0.111565,"Cambridge, United Kingdom",-,
51.04522,-114.063014,"Calgary, Alberta, Canada",-,
-34.608521,-58.373539,"Buenos Aires, Argentina",-,
41.12587,16.86665,"Bari, Italy",-,
41.385578,2.16874,"Barcelona, Catalonia, Spain",-,
47.47131,-0.552374,"Angers, France",-,
61.21759,-149.858354,"Anchorage, Alaska, USA",-,
40.633896,14.603034,"Amalfi, Italy",-,
29.359355,110.462734,"Zhangjiajie, China",-,
61.765919,-157.313126,Workshop,-,
40.11727,-88.204489,"Urbana, Illinois, USA",-,
46.065122,13.23737,"Udine, Italy",-,
39.83,-98.58,USA,-,
48.58508,7.73643,"Strasbourg, France",-,
42.40817,27.69965,"Sozopol, Bulgaria",-,
50.90994,-1.407319,"Southampton, UK",-,
42.697085,23.32455,"Sofia, Bulgaria",-,
-23.56288,-46.654659,"Sao Paulo, Brazil",-,
36.403702,25.4725,"Santorini Island, Greece",-,
42.876855,-8.544374,"Santiago de Compostela, Spain",-,
36.974025,-122.030954,"Santa Cruz, California, USA",-,
37.338475,-121.885794,"San Jose, California",-,
36.447948,28.22591,"Rhodes, Greece",-,
33.84445,-118.387944,"Redondo Beach, California, USA",-,
36.087509,120.34272,"Qingdao, China",-,
51.918917,19.134295,Poland,-,
7.88997,98.388458,"Phuket, Thailand",-,
36.61933,-121.918594,"Pacific Grove, California, USA",-,
28.538235,-81.377389,"Orlando, Florida",-,
55.39617,10.390795,"Odense, Denmark",-,
36.846825,-76.285069,"Norfolk, Virginia, USA",-,
50.465729,4.861763,"Namur, Belgium",-,
45.512293,-73.554407,"Montreal, Québec, Canada",-,
49.66835,16.09066,"Milovy, Czech Republic",-,
-37.817532,144.967148,"Melbourne, Victoria, Australia",-,
50.849831,5.68827,"Maastricht, The Netherlands",-,
56.866669,8.31667,"Lyngby, Denmark",-,
46.002975,8.951305,"Lugano, Switzerland",-,
51.506325,-0.127144,"London, United Kingdom",-,
33.84547,130.848557,"Kitakyushu, Japan",-,
36.506191,136.687073,"Kanazawa, Japan",-,
62.24049,25.751295,"Jyväskylä, Finland",-,
31.7736,35.224998,"Jerusalem, Israel",-,
34.729135,-86.584979,"Huntsville, Alabama, USA",-,
20.573655,-157.526855,"Hawaii, USA",-,
52.372278,9.738157,"Hannover, Germany",-,
44.64616,-63.573919,"Halifax, Canada",-,
48.366989,14.518,"Hagenberg, Austria",-,
57.701235,11.967105,"Göteborg, Sweden",-,
53.273885,-9.048349,"Galway, Ireland",-,
26.12367,-80.143564,"Fort Lauderdale, Florida, USA",-,
29.556,34.95071,"Eilat, Israel",-,
55.954155,-3.202774,"Edinburgh, Scotland",-,
47.3268,5.04618,"Dijon, France",-,
28.644,77.091,"Delhi, India",-,
35.88871,128.614868,"Daegu, Korea",-,
50.06006,19.9326,"Cracow, Poland",-,
52.406986,-1.507768,"Coventry, UK",-,
51.761,14.33128,"Cottbus, Germany",-,
38.03213,-78.477529,"Charlottesville, Virginia, USA",-,
35.914639,-79.056619,"Chapel Hill, North Carolina, USA",-,
35.511959,24.012239,"Chania, Crete Island, Greece",-,
37.51146,15.067445,"Catania, Italy",-,
51.27597,1.07561,"Canterbury, UK",-,
62.395819,-96.811451,Canada,-,
37.271875,-119.270229,"California, USA",-,
22.52667,88.34616,"Calcutta, India",-,
-16.92646,145.77597,"Cairns, Australia",-,
39.214525,9.110492,"Cagliari, Italy",-,
42.88544,-78.878464,"Buffalo, New York, USA",-,
48.149245,17.107005,"Bratislava, Slovakia",-,
46.368856,14.113071,"Bled, Slovenia",-,
52.516074,13.376987,Berlin,-,
50.50099,4.47677,Belgium,-,
54.595798,-5.93494,"Belfast, Northern Ireland, UK",-,
43.953449,4.806017,"Avignon, France",-,
30.267605,-97.742984,"Austin, Texas",-,
45.898784,6.128889,"Annecy, France",-,
38.9767,-76.489934,"Annapolis, Maryland, USA",-,
32.991405,138.460247,"Aizu, Japan",-,
43.526385,5.446145,"Aix-en-Provence, France",-,
41.268515,-73.783109,"Yorktown Heights, New York, USA",-,
37.275609,-76.709724,"Williamsburg, Virginia, USA",-,
-41.280515,174.767121,"Wellington, New Zealand",-,
37.094528,-8.12695,"Vilamoura, Portugal",-,
48.428315,-123.364514,"Victoria, Canada",-,
36.624409,-4.49985,"Terromolinos, Spain",-,
28.293275,-16.52266,"Tenerife, Canary Islands, Spain",-,
37.42831,-122.16996,"Stanford University, California, USA",-,
43.60388,7.06237,"Sophia-Antipolis, France",-,
42.985321,141.248062,"Sapporo, Japan",-,
36.403702,25.4725,"Santorini, Greece",-,
32.715695,-117.161719,"San Diego, California",-,
43.834922,25.9573,"Rousse, Bulgaria",-,
41.90311,12.49576,Rome-Italy,-,
46.812749,-71.219359,"Quebec City, Canada",-,
-30.034259,-51.22802,"Porto Alegre, Brazil",-,
43.111285,12.38393,"Perugia, Italy",-,
-31.95302,115.857239,"Perth, Western Australia",-,
44.79864,10.339925,"Parma, Italy",-,
33.823215,-116.512114,"Palm Springs, California, USA",-,
53.138699,8.21144,"Oldenburg, Germany",-,
48.957405,15.545356,"Objects, Desna, Czech Republic",-,
34.777161,32.43408,"Nicosia, Cyprus",-,
35.14986,136.926224,"Nagoya, Japan",-,
36.71832,-4.420159,"Málaga, Spain",-,
19.076191,72.875877,"Mumbai, India",-,
44.643115,10.93408,"Modena, Italy",-,
53.479605,-2.248818,"Manchester, United Kingdom",-,
39.613535,2.91156,"Mallorca, Spain",-,
31.572361,-16.559705,"Madeira, Portugal",-,
49.609531,6.12997,"Luxembourg, Luxembourg",-,
51.506325,-0.127144,"London, England, UK",-,
46.051248,14.503063,"Ljubljana, Slovenia",-,
50.360795,7.592795,"Koblenz, Germany",-,
54.32324,10.1322,"Kiel, Germany",-,
22.00701,-159.76976,"Kauai, Hawaii, USA",-,
39.10296,-94.583062,"Kansas City, Missouri, USA",-,
-6.17144,106.82782,"Jakarta, Indonesia",-,
38.425147,27.142302,"Izmir, Turkey",-,
47.908162,10.572024,"Irsee, Germany",-,
45.755199,126.62252,"Harbin, China",-,
41.44512,-8.294244,"Guimarães, Portugal",-,
53.217129,6.57356,"Groningen, The Netherlands",-,
-29.368744,-50.878369,"Gramado, Brazil",-,
32.74863,-97.329249,"Fort Worth, Texas, USA",-,
55.46522,8.456905,"Esbjerg, Denmark",-,
55.954155,-3.202774,"Edinburgh, United Kingdom",-,
25.294572,51.519445,"Doha, Qatar",-,
49.528481,6.89268,"Dagstuhl, Germany",-,
36.336555,127.405895,"Daejeon, Korea",-,
32.991405,138.460247,"City, Japan",-,
28.252035,113.067757,"Changsha, Hunan, China",-,
51.04522,-114.063014,"Calgary, Canada",-,
-27.46888,153.022827,"Brisbane, Queensland, Australia",-,
52.265435,10.52736,"Braunschweig, Germany",-,
-15.77846,-47.928661,"Brasilia, Brazil",-,
26.35049,-80.089004,"Boca Raton, Florida, USA",-,
20.573655,-157.526855,"Big Island, Hawaii, USA",-,
52.022975,8.533176,"Bielefeld, Germany",-,
20.28499,85.80772,"Bhubaneswar, India",-,
51.38503,-2.361324,"Bath, UK",-,
50.645127,7.225558,"Bad Honnef, Germany",-,
34.986259,34.018509,"Ayia Napa, Cyprus",-,
42.025345,-93.620199,"Ames, Iowa, USA",-,
55.04199,82.909775,"Akademgorodok, Novosibirsk, Russia",-,
16.850875,-99.906969,"Acapulco, Mexico",-,
49.792775,9.936395,"Würzburg, Germany",-,
0,0,Workshops,-,
49.89944,-97.140794,"Winnipeg, Manitoba, Canada",-,
42.31782,-83.033914,"Windsor, Ontario, Canada",-,
40.431025,-86.913674,"West Lafayette, Indiana, USA",-,
43.463394,-80.520758,"Waterloo, Canada",-,
38.89037,-77.031959,"Washington, D.C.",-,
40.797837,-77.862555,"University Park, Pennsylvania, USA",-,
49.757256,6.636521,"Trier, Germany",-,
33.42551,-111.937419,"Tempe, Arizona, USA",-,
37.893009,112.551613,"Taiyuan, China",-,
-23.56288,-46.654659,"São Paulo, Brazil",-,
50.826985,15.52078,"Szklarska Poreba, Poland",-,
51.623155,-3.940929,"Swansea, UK",-,
40.919163,-73.129583,"Stony Brook, New York, USA",-,
49.287239,17.70804,"Smolenice, Czechoslovakia",-,
22.546789,114.112556,"Shenzhen, China",-,
38.443085,-9.102754,"Sesimbra, Portugal",-,
43.4615,-3.810009,"Santander, Spain",-,
43.317385,-1.979399,"San Sebastián, Spain",-,
51.922829,4.47845,"Rotterdam, The Netherlands",-,
41.90311,12.49576,"Roma, Italy",-,
49.650642,2.420783,"Rocquencourt, France",-,
43.1555,-77.616033,"Rochester, New York, USA",-,
35.905731,-78.869919,"Research Triangle Park, North Carolina, USA",-,
-8.055384,-34.872004,"Recife, Brazil",-,
-45.031444,168.66326,"Queenstown, New Zealand",-,
46.812749,-71.219359,"Quebec, Canada",-,
41.37938,-8.767934,"Póvoa de Varzim, Portugal",-,
-25.745874,28.18763,"Pretoria, South Africa",-,
40.816788,-73.394638,Poster,-,
61.48596,21.79537,"Pori, Finland",-,
40.538205,-74.473134,"Piscataway, New Jersey, USA",-,
39.95227,-75.162369,"Philadelphia, Pennsylvania",-,
42.69812,2.88743,"Perpignan, France",-,
5.353885,100.36298,"Penang, Malaysia",-,
45.409285,11.872849,"Padua, Italy",-,
52.27253,8.04778,"Osnabrück, Germany",-,
49.45432,11.073955,"Nuremberg, Germany",-,
52.949225,-1.143924,"Nottingham, UK",-,
51.841202,5.85759,"Nijmegen, The Netherlands",-,
40.73197,-74.174184,"Newark, New Jersey, USA",-,
40.71455,-74.007124,"New York, USA",-,
40.71455,-74.007124,"New York City, New York, USA",-,
-5.794864,-35.211184,"Natal, Brazil",-,
40.839941,14.251762,"Napoli, Italy",-,
48.136415,11.577531,"München, Germany",-,
46.431698,6.910445,"Montreux, Switzerland",-,
18.46936,-77.921379,"Montego Bay, Jamaica",-,
48.636082,-1.51083,"Mont Saint-Michel, France",-,
43.04181,-87.906844,"Milwaukee, Wisconsin, USA",-,
35.14968,-90.048929,"Memphis, Tennessee, USA",-,
28.07939,-80.606884,"Melbourne, Florida, USA",-,
20.862615,-156.644638,"Maui, Hawaii, USA",-,
33.985215,-118.452109,"Marina Del Rey, California, USA",-,
49.48651,8.466785,"Mannheim, Germany",-,
22.16625,113.559807,"Macao, China",-,
49.609531,6.12997,Luxembourg,-,
55.706225,13.187605,"Lund, Sweden",-,
38.25486,-85.766404,"Louisville, Kentucky, USA",-,
34.683338,33.051109,"Limassol, Cyprus",-,
53.794494,-1.546587,"Leeds, UK",-,
36.171915,-115.139974,"Las Vegas, Nevada",-,
54.047495,-2.797634,"Lancaster, UK",-,
39.0214,-120.044819,"Lake Tahoe, California, USA",-,
46.01296,9.2621,"Lake Como, Italy",-,
28.381152,-81.507294,"Lake Buena Vista, Florida, USA",-,
30.220325,-92.017054,"Lafayette, Louisiana, USA",-,
32.842592,-117.272276,"La Jolla, California, USA",-,
35.859205,127.771023,Korea,-,
50.926965,11.58634,"Jena, Germany",-,
24.686925,121.172092,"Hsinchu, Taiwan",-,
40.737165,-74.030969,"Hoboken, New Jersey, USA",-,
23.1168,-82.388588,"Havana, Cuba",-,
20.68759,-103.351074,"Guadalajara, Mexico",-,
38.283306,24.537435,Greece,-,
57.701235,11.967105,"Gothenburg, Sweden",-,
16.21044,-61.485031,"Gosier, Guadeloupe, France",-,
15.350225,74.013927,"Goa, India",-,
39.139866,-77.193829,"Gaithersburg, Maryland",-,
32.646881,-16.908911,"Funchal, Madeira Island, Portugal",-,
50.112041,8.68342,"Frankfurt/Main, Germany",-,
37.014866,-7.9345,"Faro, Portugal",-,
53.54622,-113.490374,"Edmonton, Canada",-,
38.546644,-121.744807,"Davis, California, USA",-,
39.209161,-76.867313,"Columbia, Maryland, USA",-,
-43.531027,172.637767,"Christchurch, New Zealand",-,
19.094115,-98.132494,"Cholula, Puebla, Mexico",-,
35.501015,140.309181,"Chiba, Japan",-,
35.511959,24.012239,"Chania, Crete, Greece",-,
37.511459,15.06744,"Catania, Sicily, Italy",-,
49.184353,-0.361086,"Caen, France",-,
44.47592,-73.213234,"Burlington, Vermont, USA",-,
42.341082,-3.69981,"Burgos, Spain",-,
44.434295,26.102965,"Bucharest, Romania",-,
48.390238,-4.486228,"Brest, France",-,
43.866699,27,"Borovets, Bulgaria",-,
39.16659,-86.534244,"Bloomington, Indiana, USA",-,
50.645127,7.225558,Bad Honnef,-,
48.370335,10.897892,"Augsburg, Germany",-,
48.370335,10.897892,"Augsburg, Bavaria, Germany",-,
46.15432,8.773595,"Ascona, Switzerland",-,
26.623201,-82.023926,"Anguilla, British West Indies",-,
33.950069,130.759361,"Aizu-Wakamatsu, Japan",-,
-34.926102,138.599884,"Adelaide, South Australia",-,
38.568745,-7.914105,"Évora, Portugal",-,
-3.77894,-38.54034,for Networked Organisations,-,
-7.8,110.366699,"Yogyakarta, Indonesia",-,
24.45252,118.079117,"Xiamen, China",-,
42.26299,-71.802354,"Worcester, Massachusetts, USA",-,
-34.424881,150.893036,"Wollongong, Australia",-,
50.119571,-122.954084,"Whistler, Canada",-,
50.119571,-122.954084,"Whistler, British Columbia, Canada",-,
54.689845,25.269258,"Vilnius, Lithuania",-,
48.801905,2.131255,"Versailles, France",-,
45.438254,12.318495,"Venezia, Italy",-,
-33.045379,-71.620274,"Valparaíso, Chile",-,
63.825255,20.26078,"Umeå, Sweden",-,
36.798672,10.17263,"Tunis, Tunisia",-,
39.958956,116.340031,"Tsinghua University, Beijing, China",-,
47.390385,0.689715,"Tours, France",-,
36.62441,-4.499854,"Torremolinos-Málaga, Spain",-,
51.55492,5.10627,"Tilburg, The Netherlands",-,
38.95892,117.63343,"Tianjin, China",-,
41.721802,44.783131,"Tbilisi, Georgia",-,
22.99721,120.180862,"Tainan, Taiwan",-,
46.8132,8.22395,Switzerland,-,
56.117358,-3.93952,"Stirling, Scotland, UK",-,
29.892128,-81.314255,"St. Augustine, Florida, USA",-,
58.3914,13.84729,"Skövde, Sweden",-,
41.788509,123.40612,"Shenyang, China",-,
25.352335,55.392202,"Sharjah,UAE",-,
37.387697,-6.001813,"Sevilla, Spain",-,
34.865979,-111.763818,"Sedona, Arizona, USA",-,
40.085905,8.979815,"Sardinia, Italy",-,
43.0837,-73.784579,"Saratoga Springs, New York, USA",-,
18.281031,109.498466,"Sanya, Hainan, China",-,
18.281031,109.498466,"Sanya, China",-,
44.335781,9.21514,"Santa Margherita Ligure, Italy",-,
43.317385,-1.979399,"San Sebastian, Spain",-,
37.777125,-122.419644,"San Francisco, California",-,
-12.97002,-38.504559,"Salvador, Brazil",-,
-12.97002,-38.504559,"Salvador, Bahia, Brazil",-,
40.677595,14.76578,"Salerno, Italy",-,
38.579065,-121.491014,"Sacramento, California, USA",-,
49.44038,1.08933,"Rouen, France",-,
54.078967,12.132453,"Rostock, Germany",-,
39.081665,-77.15124,"Rockville, Maryland, USA",-,
50.866699,10.55,"Reinhardsbrunn Castle, Germany",-,
37.484175,-122.227102,"Redwood City, California, USA",-,
51.45352,-0.963009,"Reading, UK",-,
50.079083,14.43323,"Prague, Czechoslovakia",-,
-8.5167,-35.016701,"Porto de Galinhas, Brazil",-,
45.511795,-122.675629,"Portland, Oregon",-,
40.946021,-73.071045,"Port Jefferson, New York, USA",-,
46.58057,0.34169,"Poitiers, France",-,
49.74654,13.381902,"Pilsen, Czech Republic",-,
48.85693,2.3412,Paris,-,
49.839175,18.288185,"Ostrava, Czech Republic",-,
48.698884,2.187811,"Orsay, France",-,
0,0,Online,-,
41.260675,-95.940469,"Omaha, Nebraska, USA",-,
48.074539,11.26251,"Oberpfaffenhofen, Germany",-,
49.45432,11.073955,"Nürnberg, Germany",-,
45.256057,19.841477,"Novi Sad, Serbia",-,
52.26347,4.491189,"Noordwijkerhout, Netherlands",-,
28.56737,77.36779,"Noida, India",-,
43.09548,-79.055824,"Niagara Falls, New York, USA",-,
53.008799,-2.2286,"Newcastle, UK",-,
-5.79487,-35.21117,"Natal, Rio Grande do Norte, Brazil",-,
38.298855,-122.285194,"Napa, California",-,
48.623685,10.90317,"Münster, Germany",-,
19.11105,72.87093,"Mumbai, Maharashtra, India",-,
25.670975,-100.309959,"Monterrey, Mexico",-,
25.728985,-80.237419,"Miami, USA",-,
-15.42248,60.019045,Mauritius,-,
42.062449,-71.718185,"Massachusetts, USA",-,
31.633821,-8.002409,"Marrakech, Morocco",-,
36.439251,139.116135,"Maebashi City, Japan",-,
49.626789,6.14401,"Luxembourg-Kirchberg, Luxembourg",-,
47.049545,8.304375,"Lucerne, Switzerland",-,
50.667198,4.61367,"Louvain-la-Neuve, Belgium",-,
34.05349,-118.245319,"Los Angeles, California",-,
50.644999,5.572593,"Liège, Belgium",-,
61.114995,10.463655,"Lillehammer, Norway",-,
38.048595,-84.500319,"Lexington, Kentucky, USA",-,
36.059299,103.756279,"Lanzhou, China",-,
39.0214,-120.044819,"Lake Tahoe, Nevada, USA",-,
51.706243,-8.522925,"Kinsale, Ireland",-,
45.501081,-65.979347,"Kingston, Canada",-,
49.98461,36.188725,"Kharkiv, Ukraine",-,
24.554255,-81.800629,"Key West, Florida, USA",-,
50.86377,6.05968,"Kerkrade, The Netherlands",-,
49.886815,-119.496599,"Kelowna, British Columbia, Canada",-,
27.702,85.317497,"Kathmandu, Nepal",-,
51.311788,9.491211,"Kassel, Germany",-,
62.604225,29.759265,"Joensuu, Finland",-,
29.10721,119.64901,"Jinhua, China",-,
24.978901,121.212219,"Jhongli, Taiwan",-,
53.430361,-8.326615,Ireland,-,
41.657825,-91.526534,"Iowa City, Iowa, USA",-,
46.684477,7.853437,"Interlaken, Switzerland",-,
13.05939,80.245667,"India, Chennai, India",-,
10.75918,106.662498,"Ho Chi Minh City, Vietnam",-,
31.86141,117.27562,"Hefei, China",-,
45.755199,126.62252,"Harbin, Heilongjiang, China",-,
56.672259,12.857522,"Halmstad, Sweden",-,
44.64616,-63.573919,"Halifax, Nova Scotia, Canada",-,
19.158649,109.827557,"Hainan Island, China",-,
20.039,110.343307,"Haikou, China",-,
51.237086,-0.570516,"Guildford, UK",-,
16.173905,-61.40358,"Guadeloupe, French Caribbean",-,
41.98086,2.818745,"Girona, Spain",-,
29.295325,-94.807909,"Galveston, Texas, USA",-,
45.96064,-66.639124,"Fredericton, New Brunswick, Canada",-,
-3.718404,-38.542924,"Fortaleza, Brazil",-,
-27.597544,-48.548009,"Florianópolis, Brazil",-,
40.37612,-105.524364,"Estes Park, Colorado, USA",-,
38.02943,12.53907,"Erice, Italy",-,
31.759165,-106.487494,"El Paso, Texas, USA",-,
23.709801,90.407112,"Dhaka, Bangladesh",-,
42.331685,-83.047924,"Detroit, Michigan, USA",-,
39.74001,-104.992259,"Denver, Colorado",-,
56.15554,11.63398,Denmark,-,
49.803795,15.475265,Czech Republic,-,
45.140418,24.67456,"Curtea de Arges, Romania",-,
-25.440024,-49.276709,"Curitiba, Brazil",-,
44.56504,-123.263534,"Corvallis, Oregon, USA",-,
38.83345,-104.821814,"Colorado Springs, Colorado, USA",-,
34.682571,-82.83954,"Clemson, South Carolina, USA",-,
22.33639,114.172951,"City University of Hong Kong, HKSAR, China",-,
42.642756,18.110658,"Cavtat-Dubrovnik, Croatia",-,
45.3927,-75.697983,"Carleton University, Ottawa, Canada",-,
21.095631,-86.767593,"Cancún, México",-,
21.095631,-86.767593,"Cancun, Quintana Roo, Mexico",-,
42.36679,-71.106019,"Cambridge, Massachusetts",-,
-16.92646,145.77597,"Cairns, Queensland, Australia",-,
42.258335,18.908195,"Budva, Montenegro",-,
39.482199,-106.047185,"Breckenridge, Colorado, USA",-,
-14.242916,-51.412289,Brasil,-,
19.076191,72.875877,"Bombay, India",-,
46.948432,7.440461,"Bern, Switzerland",-,
-19.945364,-43.932684,"Belo Horizonte, Brazil",-,
54.595295,-5.934524,"Belfast, Northern Ireland",-,
-8.45535,115.072063,"Bali, Indonesia",-,
40.641206,-8.654413,"Aveiro, Portugal",-,
47.696505,13.34577,Austria,-,
39.362815,-74.426524,"Atlantic City, New Jersey, USA",-,
43.58015,7.121235,"Antibes, France",-,
-23.007194,-44.313779,"Angra dos Reis, Brazil",-,
31.950001,35.933331,"Amman, Jordan",-,
40.558095,8.31862,"Alghero, Italy",-,
54.498564,-114.999928,"Alberta, Canada",-,
50.778138,6.088498,Aachen,-,
63.96027,10.22442,for a Connected Society,-,
34.762501,113.653023,"Zhengzhou, China",-,
27.414024,111.537148,"Zhang Jia Jie, Hunan, China",-,
24.752371,121.758743,"Yilan, Taiwan",-,
57.632751,39.886528,"Yaroslavl, Russia",-,
37.538971,121.374893,"Yantai, Shandong, China",-,
31.6449,104.414009,"Xi-An, China",-,
41.13254,24.893425,"Xanthi, Greece",-,
34.668,104.165657,"Wuyishan, China",-,
30.572399,114.279121,"Wuhan, Hubei, China",-,
48.202548,16.368805,"Workshop, Vienna, Austria",-,
59.33228,18.06284,"Workshop, Stockholm, Sweden",-,
51.751875,5.88432,"Workshop, Mook, The Netherlands",-,
45.512293,-73.554407,"Workshop, Montréal, Canada",-,
45.194005,5.732015,"Workshop, Grenoble, France",-,
46.208358,6.142701,"Workshop, Geneva, Switzerland",-,
45.566645,5.92092,"Workshop, Chambéry, France",-,
52.49889,13.389855,"Workshop, Berlin, Germany",-,
41.385589,2.168745,"Workshop, Barcelona, Spain",-,
49.651588,18.863402,"Wisla, Poland",-,
44.989858,-64.130674,"Windsor, Canada",-,
0,0,Where,-,
41.395221,-73.955162,"West Point, New York, USA",-,
52.214163,14.004772,"Wendisch-Rietz, Germany",-,
37.497898,122.114731,"Weihai, China",-,
38.89037,-77.031959,"Washington, USA",-,
38.89037,-77.031959,"Washington, D.C, USA",-,
52.281755,-1.591034,"Warwick, UK",-,
38.713615,-77.795509,"Warrenton, Virginia, USA",-,
42.37644,-71.235324,"Waltham, Massachusetts, USA",-,
56.87996,14.79947,"Växjö, Sweden",-,
-20.293969,-40.301654,"Vitória, Brazil",-,
47.784661,18.967059,"Visegrád, Hungary",-,
47.784661,18.967059,"Visegrad, Hungary",-,
46.618099,13.849204,"Villach, Austria",-,
-36.569921,145.468994,"Victoria, Australia",-,
45.438251,12.31849,"Venice/Mestre, Italy",-,
-33.045379,-71.620274,"Valparaiso, Chile",-,
35.893555,14.511844,"Valletta, Malta",-,
-39.819574,-73.245624,"Valdivia, Chile",-,
40.117271,-88.204491,"Urbana-Champaign, Illinois, USA",-,
51.51683,-0.14265,"University of Westminster, London, UK",-,
43.008411,-81.263519,"University of Western Ontario, London, Ontario, Canada",-,
0,0,Tutorial Text,-,
43.60574,1.44869,Toulouse,-,
53.012625,18.61322,"Torun, Poland",-,
39.86185,-4.025242,"Toledo, Spain",-,
52.083988,4.31741,"The Hague, The Netherlands",-,
28.293275,-16.52266,"Tenerife, Spain",-,
-38.733979,-72.584444,"Temuco, Chile",-,
33.42551,-111.937419,"Tempe, Arizona",-,
39.615398,118.180122,"Tangshan, China",-,
0,0,Talks,-,
25.080441,121.564194,"Taipei, Taiwan, ROC",-,
36.336552,127.405899,"Taejon, Korea",-,
43.04999,-76.147389,"Syracuse, New York, USA",-,
-33.869629,151.206955,"Sydney, NSW, Australia",-,
62.198448,17.56622,Sweden,-,
37.281368,127.013077,"Suwon, Korea",-,
54.902292,-1.38629,"Sunderland, UK",-,
41.815338,-72.253807,"Storrs, Connecticut, USA",-,
45.693195,-121.884634,"Stevenson, Washington, USA",-,
18.350716,-64.935936,"St. Thomas, US Virgin Islands",-,
53.456804,-60.218349,"St. John s, Newfoundland, Canada",-,
56.33931,-2.796194,"St. Andrews, UK",-,
56.33931,-2.796194,"St. Andrews, Scotland, UK",-,
46.259399,-104.960598,"Sponsored by IFCIS, The Intn l Foundation on Cooperative Information Systems",-,
50.725429,15.607,"Spindleruv Mlýn, Czech Republic",-,
35.832981,10.63875,"Sousse, Tunesia",-,
35.912395,14.5021,"Sliema, Malta",-,
42.02634,-87.755679,"Skokie, USA",-,
38.796692,-9.386389,"Sintra, Portugal",-,
37.557121,126.977379,"Seoul, Korea, September 11, 2006",-,
0,0,Selected Contributions,-,
47.60356,-122.329439,"Seattle, Washington",-,
52.26347,4.491189,"School/Workshop, Noordwijkerhout, The Netherlands",-,
49.528485,6.892676,"Schloss Dagstuhl, Germany",-,
34.011565,-118.492289,"Santa Monica, California, USA",-,
50.776085,7.188175,"Sankt Augustin, Germany",-,
43.815504,7.775201,"San Remo, Italy",-,
43.680346,10.857598,"San Miniato, Italy",-,
37.54703,-122.314834,"San Mateo, California, USA",-,
37.338475,-121.885794,"San José, USA",-,
37.338475,-121.885794,"San José, California, USA",-,
37.777125,-122.419644,"San Francisco, USA",-,
37.777125,-122.419644,"San Francisco Bay, California, USA",-,
53.48973,-2.284299,"Salford, UK",-,
14.4667,-60.916698,"Sainte Luce, Martinique, France",-,
59.93314,30.306115,"Saint-Petersburg, Russia",-,
45.439885,4.395535,"Saint-Etienne, France",-,
59.93314,30.306115,"Saint Petersburg, Russia",-,
45.88481,11.04317,"Rovereto, Italy",-,
-38.141799,176.24499,"Rotorua, New Zealand",-,
54.078967,12.132453,Rostock Germany,-,
33.98163,-117.373879,"Riverside, California, USA",-,
-14.242916,-51.412289,"Rio de Janiero, Brazil",-,
37.5407,-77.433654,"Richmond, Virginia, USA",-,
43.847274,-79.378563,"Richmond Hill, Ontario, Canada",-,
32.960745,-96.732969,"Richardson, Texas, USA",-,
39.506489,-119.775902,"Reno/Tahoe, Nevada, USA",-,
49.26284,4.028445,"Reims, France",-,
37.53355,-122.2481,"Redwood Shores, California, USA",-,
47.67856,-122.130994,"Redmond, Washington, USA",-,
46.812749,-71.219359,"Québec City, Canada",-,
-34.96727,-54.937222,"Punta del Este, Uruguay",-,
-53.151159,-70.897459,"Punta Arenas, Chile",-,
-30.03425,-51.22802,"Porto Alegre, RS, Brazil",-,
33.23649,-91.513144,"Portlan, USA",-,
37.73962,-25.66857,"Ponta Delgada, Azores, Portugal",-,
39.95227,-75.162369,"Philadephia, Pennsylvania, USA",-,
13.03659,101.4925,"Pathumthani, Thailand",-,
40.643146,-111.493973,"Park City, Utah, USA",-,
-23.216721,-44.71801,"Paraty, Brazil",-,
-17.54553,-149.570572,"Papeete, Tahiti, French Polynesia",-,
-17.54553,-149.570572,"Papeete, Tahiti",-,
37.44466,-122.160794,"Palo Alto, California",-,
48.713034,2.246296,"Palaiseau, France",-,
51.756205,-1.259489,"Oxford, England",-,
47.90143,1.904965,"Orléans, France",-,
28.538231,-81.377388,"Orlando, Forida, USA",-,
33.667101,-117.765049,"Orange County, California, USA",-,
45.352126,14.317748,"Opatija, Croatia",-,
49.270094,-84.756271,On Embedded Software,-,
25.965785,127.132877,"Okinawa, Japan",-,
51.57653,5.1821,"Oisterwijk, The Netherlands",-,
41.83248,-87.945904,"Oak Brook, Illinois, USA",-,
43.830025,4.356115,"Nîmes, France",-,
49.137169,20.214861,"Nový Smokovec, Slovakia",-,
52.622495,1.2949,"Norwich, UK",-,
58.584423,16.192464,"Norrköping, Sweden",-,
52.26347,4.49118,"Noordwijkerhout, The Netherlands",-,
41.492125,-71.311354,"Newport, Rhode Island, USA",-,
53.456804,-60.218349,"Newfoundland, Canada",-,
29.95369,-90.077714,"New Orleans, Louisiana",-,
41.30713,-72.924979,"New Haven, Connecticut, USA",-,
32.768921,129.831207,"Nagasaki, Japan",-,
37.566448,22.8069,"Nafplion, Greece",-,
46.157139,8.76499,"Monte Verità, Switzerland",-,
46.157139,8.76499,"Monte Verita, Ascona, Switzerland",-,
46.088365,-64.778264,"Moncton, New Brunswick, Canada",-,
43.588285,-79.643724,"Mississauga, Ontario, Canada",-,
44.979035,-93.264929,"Minneapolis, Minnesota",-,
37.432805,-121.897259,"Milpitas, California, USA",-,
49.115885,6.173375,"Metz, France",-,
20.96692,-89.622539,"Merida, Yucatan, Mexico",-,
41.312015,-4.913184,"Medina del Campo, Spain",-,
42.419815,-71.108759,"Medford, Massachusetts, USA",-,
53.381721,-6.59043,"Maynooth, Ireland",-,
35.707748,139.859528,"Matsushima, Japan",-,
43.856034,-79.339942,"Markham, Ontario, Canada",-,
38.958159,8.96257,"Margherita di Pula, Cagliari, Italy",-,
45.164343,10.795089,"Mantova, Italy",-,
-3.123896,-60.020649,"Manaus, Brazil",-,
55.59664,13.00156,"Malmö, Sweden",-,
35.659359,140.057938,"Makuhari, Japan",-,
48.852615,2.36235,"Maison de la Chimie, Paris, France",-,
34,-118.268784,Main Conference,-,
52.131868,11.627789,"Magdeburg, Germany",-,
46.22628,10.82614,"Madonna di Campiglio, Italy",-,
43.841995,10.51536,"Lucca, Italy",-,
52.768524,-1.223474,"Loughborough, United Kingdom",-,
51.506325,-0.127144,"London, England",-,
42.986895,-81.246214,"London, Canada",-,
53.409773,-2.978481,"Liverpool, United Kingdom",-,
38.464783,14.954352,"Lipari Island, Italy",-,
46.35004,7.15871,"Les Diablerets, Switzerland",-,
52.637984,-1.140437,"Leicester, United Kingdom",-,
36.171915,-115.139974,"Las Vegas, USA",-,
28.13022,-15.43971,"Las Palmas, Spain",-,
27.957735,-15.596565,"Las Palmas, Gran Canaria, Spain",-,
32.30673,-106.777734,"Las Cruces, New Mexico, USA",-,
34.249732,-117.190005,"Lake Arrowhead, California, USA",-,
33.545375,-117.781537,"Laguna Beach, California, USA",-,
42.353884,13.394631,"L Aquila, Italy",-,
50.677554,7.190844,"Königswinter, Germany",-,
35.025909,135.780869,"Kyoto University, Kyoto, Japan",-,
58.248107,22.486707,"Kuressaare, Estonia",-,
62.883885,27.67778,"Kuopio, Finland",-,
48.408798,15.59651,"Krems, Austria",-,
36.89043,27.289181,"Kos Island, Greece",-,
55.77076,12.50314,"Kongens Lyngby, Denmark",-,
9.93846,76.26948,"Kochi, India",-,
35.960495,-83.920914,"Knoxville, Tennessee, USA",-,
22.35158,87.329803,"Kharagpur, India",-,
34.023405,-84.616764,"Kennesaw, Georgia, USA",-,
55.800645,49.102445,"Kazan, Russia",-,
22.050355,-159.540276,"Kauai Island, Hawaii, USA",-,
56.161431,15.583843,"Karlskrona, Sweden",-,
50.228385,12.864955,"Karlovy Vary, Czech Republic",-,
22.6084,73.66283,"Kanpur, India",-,
43.571972,7.10629,"Juan-les-Pins, France",-,
30.33138,-81.655799,"Jacksonville, Florida, USA",-,
41.040852,28.986179,"Istanbul, Turkey, CDROM",-,
47.487575,7.281595,"Isle of Bendor, France",-,
36.897556,27.290705,"Island of Kos, Greece",-,
28.643999,77.091003,"India, New Delhi, India",-,
17.508829,78.434578,"India, Hyderabad, India",-,
37.704639,126.440872,"Incheon, Korea",-,
51.4982,-0.173754,"Imperial College, London, UK",-,
53.924488,-1.822166,"Ilkley, UK",-,
47.160365,27.590505,"Iasi, Romania",-,
29.7052,118.307022,"Huang Shan, China",-,
50.211295,15.830935,"Hradec Králové, Czech Republic",-,
32.154819,-80.762238,"Hilton Head, South Carolina, USA",-,
31.46494,35.104321,"Herzlia, Israel",-,
32.18721,34.804211,"Herzelia, Israel",-,
35.248835,24.913155,"Hersonissos, Crete, Greece",-,
47.998791,11.17619,"Herrsching, Germany",-,
41.097398,-73.794711,"Hawthorne, New York, USA",-,
20.573655,-157.526855,Hawaii,-,
43.700465,-72.289499,"Hanover, New Hampshire, USA",-,
43.26099,-79.888454,"Hamilton, Canada",-,
41.859749,140.939957,"Hakodate, Hokkaido, Japan",-,
51.359905,7.47125,"Hagen, Germany",-,
35.658371,139.295822,"Hachioji, Tokyo, Japan",-,
35.856831,129.245895,"Gyeongju, Korea",-,
21.018395,-101.259129,"Guanajuato, México",-,
16.940075,-61.938175,"Guadeloupe, French West Indies",-,
46.624369,8.034633,"Grindelwald, Switzerland",-,
47.778555,12.45785,"Grassau, Germany",-,
16.21044,-61.485031,"Gosier, Guadeloupe",-,
48.702435,2.132455,"Gif-sur-Yvette, France",-,
54.519655,18.536485,"Gdynia, Poland",-,
47.492874,11.086801,"Garmisch-Partenkirchen, Germany",-,
48.131401,12.58344,"Garching, Germany",-,
26.12367,-80.143564,"Ft. Lauderdale, Florida, USA",-,
46.803746,7.153683,"Fribourg, Switzerland",-,
50.112065,8.683415,"Frankfurt, Germany",-,
47.720256,11.951262,"Fischbachau, Germany",-,
43.78237,11.254995,"Firenze, Italy",-,
50.719904,-3.531644,"Exeter, UK",-,
51.77169,0.637995,"Essex, UK",-,
55.954151,-3.20277,"Edinburgh, Scottland, UK",-,
55.954155,-3.202774,Edinburgh,-,
40.99455,-75.178064,"East Stroudsburg, Pennsylvania, USA",-,
42.7375,-84.483779,"East Lansing, Michigan, USA",-,
35.995275,-78.896014,"Durham, North Carolina, USA",-,
43.134245,-70.924809,"Durham, New Hampshire, USA",-,
0,0,Doctoral Symposium,-,
38.472031,22.47459,"Delphi, Greece",-,
39.75911,-84.194439,"Dayton, Ohio, USA",-,
33.479985,-117.697649,"Dana Point, California, USA",-,
35.132526,33.435505,Cyprus,-,
38.64175,-9.23695,"Costa de Caparica, Portugal",-,
43.370155,-8.396744,"Coruña, Spain",-,
37.87794,-4.778403,"Cordoba, Spain",-,
43.610855,3.87609,"Conference, Montpellier, France",-,
0,0,Conference,-,
49.41762,2.82513,"Compiegne, France",-,
6.9272,79.8722,"Colombo, Sri Lanka",-,
48.080185,7.364695,"Colmar, France",-,
11.01167,76.98406,"Coimbatore, India",-,
45.776665,3.07723,"Clermont-Ferrand, France",-,
27.977585,-82.824564,"Clearwater Beach, Florida, USA",-,
34.0961,-117.716404,"Claremont, California, USA",-,
41.88415,-87.632409,"Chicago, USA",-,
16.239815,103.80914,"Chiang Mai, Thailand",-,
53.18813,-2.894369,"Chester, UK",-,
38.883607,-77.439755,"Chantilly, Virginia, USA",-,
49.193165,2.465105,"Chantilly, France",-,
45.92487,6.87193,"Chamonix, France",-,
44.13897,12.238655,"Cesena, Italy",-,
42.642756,18.110658,"Cavtat/Dubrovnik, Croatia",-,
43.3834,-3.217769,"Castro Urdiales, Spain",-,
48.100958,13.8623,"Castle of Hagenberg, Austria",-,
43.404308,10.42018,"Castiglioncello, Italy",-,
39.985142,-0.04568,"Castellón, Spain",-,
38.696691,-9.420389,"Cascais, Portugal",-,
40.55014,14.24169,"Capri, Italy",-,
46.13734,-60.195569,"Cape Breton, Nova Scotia, Canada",-,
38.667999,-9.19,"Caparica, Portugal",-,
43.627453,6.883976,"Cap Esterel, French Riviera, France",-,
28.526165,-15.78992,"Canary Islands, Spain",-,
-22.909049,-47.064594,"Campinas, Brazil",-,
44.356542,9.152214,"Camogli, Italy",-,
52.20987,0.111565,"Cambridge University, Emmanuel College, Cambridge, UK",-,
44.572195,-116.676054,Cambridge,-,
39.21452,9.11049,"Cagliari, Sardinia, Italy",-,
49.244535,-122.972989,"Burnaby, British Columbia, Canada",-,
50.828481,-0.134429,"Brighton, England",-,
-14.242916,-51.412289,Brazil,-,
53.79574,-1.758306,"Bradford, West Yorkshire, UK",-,
50.23177,7.588005,"Boppard, Germany",-,
37.03319,27.41895,"Bodrum, Turkey",-,
51.485955,7.210866,"Bochum, Germany",-,
1.303282,103.792987,"Biopolis, Singapore",-,
45.26223,-111.295532,"Big Sky, Montana, USA",-,
48.917182,12.882108,"Bernried, Germany",-,
41.12996,14.78549,"Benevento, Italy",-,
47.61002,-122.187549,"Bellevue, Washington, USA",-,
54.595295,-5.934524,"Belfast, UK",-,
36.854359,31.067841,"Belek-Antalya, Turkey",-,
30.443335,-91.186994,"Baton Rouge, Louisiana, USA",-,
41.385578,2.16874,"Barcelona, Catalunya, Spain",-,
-6.91242,107.606911,"Bandung, Indonesia",-,
-37.562351,143.847137,"Ballarat, Victoria, Australia",-,
-26.09973,28.043215,"Balalaika Hotel, Sandton, South Africa",-,
50.546371,7.12014,"Bad Neuenahr, Germany",-,
54.170161,10.554237,"Bad Malente, Germany",-,
48.799212,8.437377,"Bad Herrenalb, Germany",-,
45.229046,6.740781,"Aussois, France",-,
33.748315,-84.391109,"Atlanta, Georgia",-,
36.62117,-121.936073,"Asilomar, California, USA",-,
32.7356,-97.107719,"Arlington, Texas, USA",-,
19.415255,-98.133884,"Apizaco, Mexico",-,
-23.631469,-70.392749,"Antofagasta, Chile",-,
43.571972,7.10629,"Antibes Juan-les-Pins, France",-,
36.87905,30.709205,"Antalya, Turkey",-,
52.37312,4.893195,"Amsterdam, Netherlands",-,
37.245455,-8.19823,"Algarve, Portugal",-,
37.085278,-8.257574,"Albufeira, Portugal",-,
32.991405,138.460247,"Aizu-Wakamatsu City, Japan",-,
34.986259,34.018509,"Agia Napa, Cyprus",-,
52.41605,-4.077869,"Aberystwyth, UK",-,
57.15382,-2.106789,"Aberdeen, UK",-,
57.15382,-2.106789,"Aberdeen, Scotland, UK",-,
